state_component, stat, schedule, label_scheme, N, result
goal.food, acc, 1, a, 3934, 0.6464159
goal.food, l2, 1, a, 3934, 0.6668260
goal.food, l2.binary, 1, a, 3934, 0.6864626
goal.food, avgp, 1, a, 3934, 0.6363198
goal.food, neglogp, 1, a, 3934, 2.9240536
goal.food, mrr, 1, a, 3934, 0.6760295
goal.food, update.acc, 1, a, 3934, 0.2316798
goal.food, update.prec, 1, a, 3934, 0.8763326
goal.food, roc.v1_eer, 1, a, 3934, 0.3848500
goal.food, roc.v1_ca05, 1, a, 3934, 0.0002542
goal.food, roc.v1_ca10, 1, a, 3934, 0.0002542
goal.food, roc.v1_ca20, 1, a, 3934, 0.4649212
goal.food, roc.v2_ca05, 1, a, 3934, 0.0003932
goal.food, roc.v2_ca10, 1, a, 3934, 0.0003932
goal.food, roc.v2_ca20, 1, a, 3934, 0.0003932
goal.pricerange, acc, 1, a, 3934, 0.8945094
goal.pricerange, l2, 1, a, 3934, 0.1871800
goal.pricerange, l2.binary, 1, a, 3934, 0.1904209
goal.pricerange, avgp, 1, a, 3934, 0.8865073
goal.pricerange, neglogp, 1, a, 3934, 0.7089268
goal.pricerange, mrr, 1, a, 3934, 0.9149720
goal.pricerange, update.acc, 1, a, 3934, 0.4415406
goal.pricerange, update.prec, 1, a, 3934, 0.9639640
goal.pricerange, roc.v1_eer, 1, a, 3934, 0.1431113
goal.pricerange, roc.v1_ca05, 1, a, 3934, 0.7488561
goal.pricerange, roc.v1_ca10, 1, a, 3934, 0.8940010
goal.pricerange, roc.v1_ca20, 1, a, 3934, 0.8945094
goal.pricerange, roc.v2_ca05, 1, a, 3934, 0.0002842
goal.pricerange, roc.v2_ca10, 1, a, 3934, 0.0002842
goal.pricerange, roc.v2_ca20, 1, a, 3934, 0.0002842
goal.name, acc, 1, a, 3934, 0.9867819
goal.name, l2, 1, a, 3934, 0.0258411
goal.name, l2.binary, 1, a, 3934, 0.0259204
goal.name, avgp, 1, a, 3934, 0.9857562
goal.name, neglogp, 1, a, 3934, 0.0970613
goal.name, mrr, 1, a, 3934, 0.9904677
goal.name, update.acc, 1, a, 3934, 0.0000000
goal.name, update.prec, 1, a, 3934, 0.0000000
goal.name, roc.v1_eer, 1, a, 3934, 0.0203355
goal.name, roc.v1_ca05, 1, a, 3934, 0.9867819
goal.name, roc.v1_ca10, 1, a, 3934, 0.9867819
goal.name, roc.v1_ca20, 1, a, 3934, 0.9867819
goal.name, roc.v2_ca05, 1, a, 3934, 0.0002576
goal.name, roc.v2_ca10, 1, a, 3934, 0.0002576
goal.name, roc.v2_ca20, 1, a, 3934, 0.0002576
goal.area, acc, 1, a, 3934, 0.8879004
goal.area, l2, 1, a, 3934, 0.1907774
goal.area, l2.binary, 1, a, 3934, 0.2054101
goal.area, avgp, 1, a, 3934, 0.8631388
goal.area, neglogp, 1, a, 3934, 0.7723197
goal.area, mrr, 1, a, 3934, 0.9105236
goal.area, update.acc, 1, a, 3934, 0.4609475
goal.area, update.prec, 1, a, 3934, 0.9278351
goal.area, roc.v1_eer, 1, a, 3934, 0.1220132
goal.area, roc.v1_ca05, 1, a, 3934, 0.8149466
goal.area, roc.v1_ca10, 1, a, 3934, 0.8805287
goal.area, roc.v1_ca20, 1, a, 3934, 0.8879004
goal.area, roc.v2_ca05, 1, a, 3934, 0.0000000
goal.area, roc.v2_ca10, 1, a, 3934, 0.0000000
goal.area, roc.v2_ca20, 1, a, 3934, 0.5344976
goal.all, acc, 1, a, 15736, 0.8539019
goal.all, l2, 1, a, 15736, 0.2676561
goal.all, l2.binary, 1, a, 15736, 0.2770535
goal.all, avgp, 1, a, 15736, 0.8429305
goal.all, neglogp, 1, a, 15736, 1.1255904
goal.all, mrr, 1, a, 15736, 0.8729982
goal.all, update.acc, 1, a, 15736, 0.8158777
goal.all, update.prec, 1, a, 15736, 0.8496019
goal.all, roc.v1_eer, 1, a, 15736, 0.1800966
goal.all, roc.v1_ca05, 1, a, 15736, 0.0000635
goal.all, roc.v1_ca10, 1, a, 15736, 0.7939756
goal.all, roc.v1_ca20, 1, a, 15736, 0.8539019
goal.all, roc.v2_ca05, 1, a, 15736, 0.0000744
goal.all, roc.v2_ca10, 1, a, 15736, 0.0000744
goal.all, roc.v2_ca20, 1, a, 15736, 0.0000744
goal.joint, acc, 1, a, 3934, 0.5076258
goal.joint, l2, 1, a, 3934, 0.9486109
goal.joint, l2.binary, 1, a, 3934, 0.9878238
goal.joint, avgp, 1, a, 3934, 0.4915353
goal.joint, neglogp, 1, a, 3934, 4.5294024
goal.joint, mrr, 1, a, 3934, 0.5097865
goal.joint, update.acc, 1, a, 3934, 0.2803173
goal.joint, update.prec, 1, a, 3934, 0.7231969
goal.joint, roc.v1_eer, 1, a, 3934, 0.4547534
goal.joint, roc.v1_ca05, 1, a, 3934, 0.0000000
goal.joint, roc.v1_ca10, 1, a, 3934, 0.0000000
goal.joint, roc.v1_ca20, 1, a, 3934, 0.2170819
goal.joint, roc.v2_ca05, 1, a, 3934, 0.0000000
goal.joint, roc.v2_ca10, 1, a, 3934, 0.0000000
goal.joint, roc.v2_ca20, 1, a, 3934, 0.0000000
goal.joint_independent, acc, 1, a, 3934, 0.5076258
goal.joint_independent, l2, 1, a, 3934, 0.8615145
goal.joint_independent, l2.binary, 1, a, 3934, 0.9546752
goal.joint_independent, avgp, 1, a, 3934, 0.4818051
goal.joint_independent, neglogp, 1, a, 3934, 4.0147839
goal.joint_independent, mrr, 1, a, 3934, 0.5550330
goal.joint_independent, update.acc, 1, a, 3934, 0.2803173
goal.joint_independent, update.prec, 1, a, 3934, 0.7231969
goal.joint_independent, roc.v1_eer, 1, a, 3934, 0.3942552
goal.joint_independent, roc.v1_ca05, 1, a, 3934, 0.0000000
goal.joint_independent, roc.v1_ca10, 1, a, 3934, 0.1944586
goal.joint_independent, roc.v1_ca20, 1, a, 3934, 0.3134215
goal.joint_independent, roc.v2_ca05, 1, a, 3934, 0.0000000
goal.joint_independent, roc.v2_ca10, 1, a, 3934, 0.0000000
goal.joint_independent, roc.v2_ca20, 1, a, 3934, 0.3780671
requested.addr, acc, 1, a, 3934, 0.9789019
requested.addr, l2, 1, a, 3934, 0.0396612
requested.addr, l2.binary, 1, a, 3934, 0.0396612
requested.addr, avgp, 1, a, 3934, 0.9698297
requested.addr, neglogp, 1, a, 3934, 0.1128365
requested.addr, mrr, 1, a, 3934, 0.9894509
requested.addr, update.acc, 1, a, 3934, 0.9420402
requested.addr, update.prec, 1, a, 3934, 0.9918633
requested.addr, roc.v1_eer, 1, a, 3934, 0.0320285
requested.addr, roc.v1_ca05, 1, a, 3934, 0.9789019
requested.addr, roc.v1_ca10, 1, a, 3934, 0.9789019
requested.addr, roc.v1_ca20, 1, a, 3934, 0.9789019
requested.addr, roc.v2_ca05, 1, a, 3934, 0.0002597
requested.addr, roc.v2_ca10, 1, a, 3934, 0.0002597
requested.addr, roc.v2_ca20, 1, a, 3934, 0.0002597
requested.area, acc, 1, a, 3934, 0.9933910
requested.area, l2, 1, a, 3934, 0.0111534
requested.area, l2.binary, 1, a, 3934, 0.0111534
requested.area, avgp, 1, a, 3934, 0.9916310
requested.area, neglogp, 1, a, 3934, 0.0359843
requested.area, mrr, 1, a, 3934, 0.9966955
requested.area, update.acc, 1, a, 3934, 0.9552773
requested.area, update.prec, 1, a, 3934, 0.9962687
requested.area, roc.v1_eer, 1, a, 3934, 0.0088968
requested.area, roc.v1_ca05, 1, a, 3934, 0.9933910
requested.area, roc.v1_ca10, 1, a, 3934, 0.9933910
requested.area, roc.v1_ca20, 1, a, 3934, 0.9933910
requested.area, roc.v2_ca05, 1, a, 3934, 0.0002559
requested.area, roc.v2_ca10, 1, a, 3934, 0.0002559
requested.area, roc.v2_ca20, 1, a, 3934, 0.0002559
requested.food, acc, 1, a, 3934, 0.9916116
requested.food, l2, 1, a, 3934, 0.0134748
requested.food, l2.binary, 1, a, 3934, 0.0134748
requested.food, avgp, 1, a, 3934, 0.9915789
requested.food, neglogp, 1, a, 3934, 0.0356785
requested.food, mrr, 1, a, 3934, 0.9958058
requested.food, update.acc, 1, a, 3934, 0.9497717
requested.food, update.prec, 1, a, 3934, 1.0000000
requested.food, roc.v1_eer, 1, a, 3934, 0.0086426
requested.food, roc.v1_ca05, 1, a, 3934, 0.9916116
requested.food, roc.v1_ca10, 1, a, 3934, 0.9916116
requested.food, roc.v1_ca20, 1, a, 3934, 0.9916116
requested.food, roc.v2_ca05, 1, a, 3934, 0.0002563
requested.food, roc.v2_ca10, 1, a, 3934, 0.0002563
requested.food, roc.v2_ca20, 1, a, 3934, 0.0002563
requested.phone, acc, 1, a, 3934, 0.9816980
requested.phone, l2, 1, a, 3934, 0.0301370
requested.phone, l2.binary, 1, a, 3934, 0.0301370
requested.phone, avgp, 1, a, 3934, 0.9722353
requested.phone, neglogp, 1, a, 3934, 0.0681131
requested.phone, mrr, 1, a, 3934, 0.9908490
requested.phone, update.acc, 1, a, 3934, 0.9467832
requested.phone, update.prec, 1, a, 3934, 0.9958229
requested.phone, roc.v1_eer, 1, a, 3934, 0.0231317
requested.phone, roc.v1_ca05, 1, a, 3934, 0.9816980
requested.phone, roc.v1_ca10, 1, a, 3934, 0.9816980
requested.phone, roc.v1_ca20, 1, a, 3934, 0.9816980
requested.phone, roc.v2_ca05, 1, a, 3934, 0.0002589
requested.phone, roc.v2_ca10, 1, a, 3934, 0.0002589
requested.phone, roc.v2_ca20, 1, a, 3934, 0.9334542
requested.pricerange, acc, 1, a, 3934, 0.9865277
requested.pricerange, l2, 1, a, 3934, 0.0205233
requested.pricerange, l2.binary, 1, a, 3934, 0.0205233
requested.pricerange, avgp, 1, a, 3934, 0.9845708
requested.pricerange, neglogp, 1, a, 3934, 0.0566703
requested.pricerange, mrr, 1, a, 3934, 0.9932639
requested.pricerange, update.acc, 1, a, 3934, 0.9341142
requested.pricerange, update.prec, 1, a, 3934, 0.9860896
requested.pricerange, roc.v1_eer, 1, a, 3934, 0.0167768
requested.pricerange, roc.v1_ca05, 1, a, 3934, 0.9865277
requested.pricerange, roc.v1_ca10, 1, a, 3934, 0.9865277
requested.pricerange, roc.v1_ca20, 1, a, 3934, 0.9865277
requested.pricerange, roc.v2_ca05, 1, a, 3934, 0.0002577
requested.pricerange, roc.v2_ca10, 1, a, 3934, 0.0002577
requested.pricerange, roc.v2_ca20, 1, a, 3934, 0.0002577
requested.postcode, acc, 1, a, 3934, 0.9855109
requested.postcode, l2, 1, a, 3934, 0.0221122
requested.postcode, l2.binary, 1, a, 3934, 0.0221122
requested.postcode, avgp, 1, a, 3934, 0.9795085
requested.postcode, neglogp, 1, a, 3934, 0.0643051
requested.postcode, mrr, 1, a, 3934, 0.9927555
requested.postcode, update.acc, 1, a, 3934, 0.9428969
requested.postcode, update.prec, 1, a, 3934, 0.9755043
requested.postcode, roc.v1_eer, 1, a, 3934, 0.0142349
requested.postcode, roc.v1_ca05, 1, a, 3934, 0.9855109
requested.postcode, roc.v1_ca10, 1, a, 3934, 0.9855109
requested.postcode, roc.v1_ca20, 1, a, 3934, 0.9855109
requested.postcode, roc.v2_ca05, 1, a, 3934, 0.0002579
requested.postcode, roc.v2_ca10, 1, a, 3934, 0.0002579
requested.postcode, roc.v2_ca20, 1, a, 3934, 0.0002579
requested.signature, acc, 1, a, 3934, 0.9994916
requested.signature, l2, 1, a, 3934, 0.0009110
requested.signature, l2.binary, 1, a, 3934, 0.0009110
requested.signature, avgp, 1, a, 3934, 0.9988346
requested.signature, neglogp, 1, a, 3934, 0.0035060
requested.signature, mrr, 1, a, 3934, 0.9997458
requested.signature, update.acc, 1, a, 3934, 0.9960630
requested.signature, update.prec, 1, a, 3934, 1.0000000
requested.signature, roc.v1_eer, 1, a, 3934, 0.0005084
requested.signature, roc.v1_ca05, 1, a, 3934, 0.9994916
requested.signature, roc.v1_ca10, 1, a, 3934, 0.9994916
requested.signature, roc.v1_ca20, 1, a, 3934, 0.9994916
requested.signature, roc.v2_ca05, 1, a, 3934, 0.0002543
requested.signature, roc.v2_ca10, 1, a, 3934, 0.0002543
requested.signature, roc.v2_ca20, 1, a, 3934, 0.0002543
requested.name, acc, 1, a, 3934, 1.0000000
requested.name, l2, 1, a, 3934, 0.0000000
requested.name, l2.binary, 1, a, 3934, 0.0000000
requested.name, avgp, 1, a, 3934, 1.0000000
requested.name, neglogp, 1, a, 3934, 0.0000000
requested.name, mrr, 1, a, 3934, 1.0000000
requested.name, update.acc, 1, a, 3934, 1.0000000
requested.name, update.prec, 1, a, 3934, 1.0000000
requested.name, roc.v1_eer, 1, a, 3934, 0.0000000
requested.name, roc.v1_ca05, 1, a, 3934, 1.0000000
requested.name, roc.v1_ca10, 1, a, 3934, 1.0000000
requested.name, roc.v1_ca20, 1, a, 3934, 1.0000000
requested.name, roc.v2_ca05, 1, a, 3934, -
requested.name, roc.v2_ca10, 1, a, 3934, -
requested.name, roc.v2_ca20, 1, a, 3934, -
requested.all, acc, 1, a, 31472, 0.9896416
requested.all, l2, 1, a, 31472, 0.0172466
requested.all, l2.binary, 1, a, 31472, 0.0172466
requested.all, avgp, 1, a, 31472, 0.9860236
requested.all, neglogp, 1, a, 31472, 0.0471367
requested.all, mrr, 1, a, 31472, 0.9948208
requested.all, update.acc, 1, a, 31472, 0.9219911
requested.all, update.prec, 1, a, 31472, 0.9546154
requested.all, roc.v1_eer, 1, a, 31472, 0.0130275
requested.all, roc.v1_ca05, 1, a, 31472, 0.9896416
requested.all, roc.v1_ca10, 1, a, 31472, 0.9896416
requested.all, roc.v1_ca20, 1, a, 31472, 0.9896416
requested.all, roc.v2_ca05, 1, a, 31472, 0.0000321
requested.all, roc.v2_ca10, 1, a, 31472, 0.0000321
requested.all, roc.v2_ca20, 1, a, 31472, 0.0000321
method, acc, 1, a, 3934, 0.7564820
method, l2, 1, a, 3934, 0.4326944
method, l2.binary, 1, a, 3934, 0.4412615
method, avgp, 1, a, 3934, 0.7467030
method, neglogp, 1, a, 3934, 1.5050473
method, mrr, 1, a, 3934, 0.8118539
method, update.acc, 1, a, 3934, 0.6345102
method, update.prec, 1, a, 3934, 0.7965044
method, roc.v1_eer, 1, a, 3934, 0.2852059
method, roc.v1_ca05, 1, a, 3934, 0.0002542
method, roc.v1_ca10, 1, a, 3934, 0.4994916
method, roc.v1_ca20, 1, a, 3934, 0.7175902
method, roc.v2_ca05, 1, a, 3934, 0.0003360
method, roc.v2_ca10, 1, a, 3934, 0.0003360
method, roc.v2_ca20, 1, a, 3934, 0.0003360
all, acc, 1, a, 51142, 0.9299402
all, l2, 1, a, 51142, 0.1262532
all, l2.binary, 1, a, 51142, 0.1298037
all, avgp, 1, a, 51142, 0.9235857
all, neglogp, 1, a, 51142, 0.4911156
all, mrr, 1, a, 51142, 0.9432626
all, update.acc, 1, a, 51142, 0.8437081
all, update.prec, 1, a, 51142, 0.8592167
all, roc.v1_eer, 1, a, 51142, 0.0889680
all, roc.v1_ca05, 1, a, 51142, 0.9021548
all, roc.v1_ca10, 1, a, 51142, 0.9299402
all, roc.v1_ca20, 1, a, 51142, 0.9299402
all, roc.v2_ca05, 1, a, 51142, 0.0000210
all, roc.v2_ca10, 1, a, 51142, 0.0000210
all, roc.v2_ca20, 1, a, 51142, 0.0000210
goal.food, acc, 1, b, 3934, 0.5005084
goal.food, l2, 1, b, 3934, 0.9563121
goal.food, l2.binary, 1, b, 3934, 0.9775411
goal.food, avgp, 1, b, 3934, 0.4915767
goal.food, neglogp, 1, b, 3934, 4.2233709
goal.food, mrr, 1, b, 3934, 0.5463904
goal.food, update.acc, 1, b, 3934, 0.1737844
goal.food, update.prec, 1, b, 3934, 0.8763326
goal.food, roc.v1_eer, 1, b, 3934, 0.5007626
goal.food, roc.v1_ca05, 1, b, 3934, 0.0000000
goal.food, roc.v1_ca10, 1, b, 3934, 0.0000000
goal.food, roc.v1_ca20, 1, b, 3934, 0.0000000
goal.food, roc.v2_ca05, 1, b, 3934, 0.0000000
goal.food, roc.v2_ca10, 1, b, 3934, 0.0000000
goal.food, roc.v2_ca20, 1, b, 3934, 0.0000000
goal.pricerange, acc, 1, b, 3934, 0.7623284
goal.pricerange, l2, 1, b, 3934, 0.4469774
goal.pricerange, l2.binary, 1, b, 3934, 0.4503750
goal.pricerange, avgp, 1, b, 3934, 0.7566086
goal.pricerange, neglogp, 1, b, 3934, 1.8039336
goal.pricerange, mrr, 1, b, 3934, 0.8102440
goal.pricerange, update.acc, 1, b, 3934, 0.2578062
goal.pricerange, update.prec, 1, b, 3934, 0.9669670
goal.pricerange, roc.v1_eer, 1, b, 3934, 0.3243518
goal.pricerange, roc.v1_ca05, 1, b, 3934, 0.0002542
goal.pricerange, roc.v1_ca10, 1, b, 3934, 0.0002542
goal.pricerange, roc.v1_ca20, 1, b, 3934, 0.7173360
goal.pricerange, roc.v2_ca05, 1, b, 3934, 0.0003334
goal.pricerange, roc.v2_ca10, 1, b, 3934, 0.0003334
goal.pricerange, roc.v2_ca20, 1, b, 3934, 0.0003334
goal.name, acc, 1, b, 3934, 0.9773767
goal.name, l2, 1, b, 3934, 0.0446515
goal.name, l2.binary, 1, b, 3934, 0.0447308
goal.name, avgp, 1, b, 3934, 0.9763511
goal.name, neglogp, 1, b, 3934, 0.1836863
goal.name, mrr, 1, b, 3934, 0.9810625
goal.name, update.acc, 1, b, 3934, 0.0000000
goal.name, update.prec, 1, b, 3934, 0.0000000
goal.name, roc.v1_eer, 1, b, 3934, 0.0343162
goal.name, roc.v1_ca05, 1, b, 3934, 0.9773767
goal.name, roc.v1_ca10, 1, b, 3934, 0.9773767
goal.name, roc.v1_ca20, 1, b, 3934, 0.9773767
goal.name, roc.v2_ca05, 1, b, 3934, 0.0002601
goal.name, roc.v2_ca10, 1, b, 3934, 0.0002601
goal.name, roc.v2_ca20, 1, b, 3934, 0.0002601
goal.area, acc, 1, b, 3934, 0.7496187
goal.area, l2, 1, b, 3934, 0.4547564
goal.area, l2.binary, 1, b, 3934, 0.4742579
goal.area, avgp, 1, b, 3934, 0.7311492
goal.area, neglogp, 1, b, 3934, 1.8587117
goal.area, mrr, 1, b, 3934, 0.8023640
goal.area, update.acc, 1, b, 3934, 0.2715034
goal.area, update.prec, 1, b, 3934, 0.9355670
goal.area, roc.v1_eer, 1, b, 3934, 0.2806304
goal.area, roc.v1_ca05, 1, b, 3934, 0.0000000
goal.area, roc.v1_ca10, 1, b, 3934, 0.3657855
goal.area, roc.v1_ca20, 1, b, 3934, 0.7048805
goal.area, roc.v2_ca05, 1, b, 3934, 0.0000000
goal.area, roc.v2_ca10, 1, b, 3934, 0.0000000
goal.area, roc.v2_ca20, 1, b, 3934, 0.0000000
goal.all, acc, 1, b, 15736, 0.7474581
goal.all, l2, 1, b, 15736, 0.4756744
goal.all, l2.binary, 1, b, 15736, 0.4867262
goal.all, avgp, 1, b, 15736, 0.7389214
goal.all, neglogp, 1, b, 15736, 2.0174256
goal.all, mrr, 1, b, 15736, 0.7850153
goal.all, update.acc, 1, b, 15736, 0.7083605
goal.all, update.prec, 1, b, 15736, 0.7777579
goal.all, roc.v1_eer, 1, b, 15736, 0.3145653
goal.all, roc.v1_ca05, 1, b, 15736, 0.0000000
goal.all, roc.v1_ca10, 1, b, 15736, 0.0000000
goal.all, roc.v1_ca20, 1, b, 15736, 0.6936960
goal.all, roc.v2_ca05, 1, b, 15736, 0.0000000
goal.all, roc.v2_ca10, 1, b, 15736, 0.0000000
goal.all, roc.v2_ca20, 1, b, 15736, 0.0000000
goal.joint, acc, 1, b, 3934, 0.3327402
goal.joint, l2, 1, b, 3934, 1.2885736
goal.joint, l2.binary, 1, b, 3934, 1.3357062
goal.joint, avgp, 1, b, 3934, 0.3215539
goal.joint, neglogp, 1, b, 3934, 6.1006233
goal.joint, mrr, 1, b, 3934, 0.3389680
goal.joint, update.acc, 1, b, 3934, 0.1267089
goal.joint, update.prec, 1, b, 3934, 0.3703704
goal.joint, roc.v1_eer, 1, b, 3934, 0.3329944
goal.joint, roc.v1_ca05, 1, b, 3934, 0.0000000
goal.joint, roc.v1_ca10, 1, b, 3934, 0.0000000
goal.joint, roc.v1_ca20, 1, b, 3934, 0.0000000
goal.joint, roc.v2_ca05, 1, b, 3934, 0.0000000
goal.joint, roc.v2_ca10, 1, b, 3934, 0.0000000
goal.joint, roc.v2_ca20, 1, b, 3934, 0.0000000
goal.joint_independent, acc, 1, b, 3934, 0.3327402
goal.joint_independent, l2, 1, b, 3934, 1.1929532
goal.joint_independent, l2.binary, 1, b, 3934, 1.3092560
goal.joint_independent, avgp, 1, b, 3934, 0.3160857
goal.joint_independent, neglogp, 1, b, 3934, 5.6625617
goal.joint_independent, mrr, 1, b, 3934, 0.3827370
goal.joint_independent, update.acc, 1, b, 3934, 0.1267089
goal.joint_independent, update.prec, 1, b, 3934, 0.3703704
goal.joint_independent, roc.v1_eer, 1, b, 3934, 0.4021352
goal.joint_independent, roc.v1_ca05, 1, b, 3934, 0.0000000
goal.joint_independent, roc.v1_ca10, 1, b, 3934, 0.0000000
goal.joint_independent, roc.v1_ca20, 1, b, 3934, 0.1301474
goal.joint_independent, roc.v2_ca05, 1, b, 3934, 0.0000000
goal.joint_independent, roc.v2_ca10, 1, b, 3934, 0.0000000
goal.joint_independent, roc.v2_ca20, 1, b, 3934, 0.2650879
method, acc, 1, b, 3934, 0.5831215
method, l2, 1, b, 3934, 0.7777075
method, l2.binary, 1, b, 3934, 0.7974956
method, avgp, 1, b, 3934, 0.5741964
method, neglogp, 1, b, 3934, 3.3379211
method, mrr, 1, b, 3934, 0.6194289
method, update.acc, 1, b, 3934, 0.4615649
method, update.prec, 1, b, 3934, 0.8395755
method, roc.v1_eer, 1, b, 3934, 0.4097611
method, roc.v1_ca05, 1, b, 3934, 0.0002542
method, roc.v1_ca10, 1, b, 3934, 0.0002542
method, roc.v1_ca20, 1, b, 3934, 0.3688358
method, roc.v2_ca05, 1, b, 3934, 0.0004359
method, roc.v2_ca10, 1, b, 3934, 0.0004359
method, roc.v2_ca20, 1, b, 3934, 0.0004359
all, acc, 1, b, 51142, 0.8838528
all, l2, 1, b, 51142, 0.2167983
all, l2.binary, 1, b, 51142, 0.2217210
all, avgp, 1, b, 51142, 0.8783131
all, neglogp, 1, b, 51142, 0.9065167
all, mrr, 1, b, 51142, 0.9013889
all, update.acc, 1, b, 51142, 0.7508483
all, update.prec, 1, b, 51142, 0.7822030
all, roc.v1_eer, 1, b, 51142, 0.1469829
all, roc.v1_ca05, 1, b, 51142, 0.0000000
all, roc.v1_ca10, 1, b, 51142, 0.8675062
all, roc.v1_ca20, 1, b, 51142, 0.8838528
all, roc.v2_ca05, 1, b, 51142, 0.0000000
all, roc.v2_ca10, 1, b, 51142, 0.0000000
all, roc.v2_ca20, 1, b, 51142, 0.0000000
goal.food, acc, 2, a, 3004, 0.5905459
goal.food, l2, 2, a, 3004, 0.7660764
goal.food, l2.binary, 2, a, 3004, 0.7917922
goal.food, avgp, 2, a, 3004, 0.5773242
goal.food, neglogp, 2, a, 3004, 3.3356732
goal.food, mrr, 2, a, 3004, 0.6293276
goal.food, update.acc, 2, a, 3004, 0.2548047
goal.food, update.prec, 2, a, 3004, 0.8763326
goal.food, roc.v1_eer, 2, a, 3004, 0.4424101
goal.food, roc.v1_ca05, 2, a, 3004, 0.0003329
goal.food, roc.v1_ca10, 2, a, 3004, 0.0003329
goal.food, roc.v1_ca20, 2, a, 3004, 0.3458722
goal.food, roc.v2_ca05, 2, a, 3004, 0.0005637
goal.food, roc.v2_ca10, 2, a, 3004, 0.0005637
goal.food, roc.v2_ca20, 2, a, 3004, 0.0005637
goal.pricerange, acc, 2, a, 2507, 0.8927004
goal.pricerange, l2, 2, a, 2507, 0.1772502
goal.pricerange, l2.binary, 2, a, 2507, 0.1823359
goal.pricerange, avgp, 2, a, 2507, 0.8801435
goal.pricerange, neglogp, 2, a, 2507, 0.5760703
goal.pricerange, mrr, 2, a, 2507, 0.9248105
goal.pricerange, update.acc, 2, a, 2507, 0.5524957
goal.pricerange, update.prec, 2, a, 2507, 0.9639640
goal.pricerange, roc.v1_eer, 2, a, 2507, 0.1192661
goal.pricerange, roc.v1_ca05, 2, a, 2507, 0.7594735
goal.pricerange, roc.v1_ca10, 2, a, 2507, 0.8923016
goal.pricerange, roc.v1_ca20, 2, a, 2507, 0.8927004
goal.pricerange, roc.v2_ca05, 2, a, 2507, 0.0004468
goal.pricerange, roc.v2_ca10, 2, a, 2507, 0.5294906
goal.pricerange, roc.v2_ca20, 2, a, 2507, 0.7448615
goal.name, acc, 2, a, 214, 0.8224299
goal.name, l2, 2, a, 214, 0.3442013
goal.name, l2.binary, 2, a, 214, 0.3456591
goal.name, avgp, 2, a, 214, 0.8035750
goal.name, neglogp, 2, a, 214, 1.1817500
goal.name, mrr, 2, a, 214, 0.8901869
goal.name, update.acc, 2, a, 214, 0.0000000
goal.name, update.prec, 2, a, 214, 0.0000000
goal.name, roc.v1_eer, 2, a, 214, 0.3037383
goal.name, roc.v1_ca05, 2, a, 214, 0.0000000
goal.name, roc.v1_ca10, 2, a, 214, 0.6121495
goal.name, roc.v1_ca20, 2, a, 214, 0.8224299
goal.name, roc.v2_ca05, 2, a, 214, 0.0000000
goal.name, roc.v2_ca10, 2, a, 214, 0.0000000
goal.name, roc.v2_ca20, 2, a, 214, 0.0000000
goal.area, acc, 2, a, 3339, 0.8763103
goal.area, l2, 2, a, 3339, 0.2080019
goal.area, l2.binary, 2, a, 3339, 0.2252420
goal.area, avgp, 2, a, 3339, 0.8471362
goal.area, neglogp, 2, a, 3339, 0.8327093
goal.area, mrr, 2, a, 3339, 0.9029650
goal.area, update.acc, 2, a, 3339, 0.4780876
goal.area, update.prec, 2, a, 3339, 0.9278351
goal.area, roc.v1_eer, 2, a, 3339, 0.1350704
goal.area, roc.v1_ca05, 2, a, 3339, 0.7894579
goal.area, roc.v1_ca10, 2, a, 3339, 0.8643306
goal.area, roc.v1_ca20, 2, a, 3339, 0.8763103
goal.area, roc.v2_ca05, 2, a, 3339, 0.0000000
goal.area, roc.v2_ca10, 2, a, 3339, 0.0000000
goal.area, roc.v2_ca20, 2, a, 3339, 0.6660971
goal.all, acc, 2, a, 9064, 0.7848632
goal.all, l2, 2, a, 9064, 0.3876696
goal.all, l2.binary, 2, a, 9064, 0.4039843
goal.all, avgp, 2, a, 9064, 0.7658158
goal.all, neglogp, 2, a, 9064, 1.5995014
goal.all, mrr, 2, a, 9064, 0.8180163
goal.all, update.acc, 2, a, 9064, 0.7785570
goal.all, update.prec, 2, a, 9064, 0.7978076
goal.all, roc.v1_eer, 2, a, 9064, 0.2568402
goal.all, roc.v1_ca05, 2, a, 9064, 0.0001103
goal.all, roc.v1_ca10, 2, a, 9064, 0.5714916
goal.all, roc.v1_ca20, 2, a, 9064, 0.7760371
goal.all, roc.v2_ca05, 2, a, 9064, 0.0001406
goal.all, roc.v2_ca10, 2, a, 9064, 0.0001406
goal.all, roc.v2_ca20, 2, a, 9064, 0.0001406
goal.joint, acc, 2, a, 3836, 0.5010428
goal.joint, l2, 2, a, 3836, 0.9608538
goal.joint, l2.binary, 2, a, 3836, 1.0010685
goal.joint, avgp, 2, a, 3836, 0.4845411
goal.joint, neglogp, 2, a, 3836, 4.5898934
goal.joint, mrr, 2, a, 3836, 0.5032586
goal.joint, update.acc, 2, a, 3836, 0.2827744
goal.joint, update.prec, 2, a, 3836, 0.7231969
goal.joint, roc.v1_eer, 2, a, 3836, 0.4562044
goal.joint, roc.v1_ca05, 2, a, 3836, 0.0000000
goal.joint, roc.v1_ca10, 2, a, 3836, 0.0000000
goal.joint, roc.v1_ca20, 2, a, 3836, 0.2080292
goal.joint, roc.v2_ca05, 2, a, 3836, 0.0000000
goal.joint, roc.v2_ca10, 2, a, 3836, 0.0000000
goal.joint, roc.v2_ca20, 2, a, 3836, 0.0000000
goal.joint_independent, acc, 2, a, 3836, 0.5010428
goal.joint_independent, l2, 2, a, 3836, 0.8715323
goal.joint_independent, l2.binary, 2, a, 3836, 0.9670730
goal.joint_independent, avgp, 2, a, 3836, 0.4745623
goal.joint_independent, neglogp, 2, a, 3836, 4.0621277
goal.joint_independent, mrr, 2, a, 3836, 0.5496611
goal.joint_independent, update.acc, 2, a, 3836, 0.2827744
goal.joint_independent, update.prec, 2, a, 3836, 0.7231969
goal.joint_independent, roc.v1_eer, 2, a, 3836, 0.3983316
goal.joint_independent, roc.v1_ca05, 2, a, 3836, 0.0000000
goal.joint_independent, roc.v1_ca10, 2, a, 3836, 0.1874348
goal.joint_independent, roc.v1_ca20, 2, a, 3836, 0.3018770
goal.joint_independent, roc.v2_ca05, 2, a, 3836, 0.0000000
goal.joint_independent, roc.v2_ca10, 2, a, 3836, 0.0000000
goal.joint_independent, roc.v2_ca20, 2, a, 3836, 0.3740895
requested.addr, acc, 2, a, 941, 0.9256111
requested.addr, l2, 2, a, 941, 0.1381799
requested.addr, l2.binary, 2, a, 941, 0.1381799
requested.addr, avgp, 2, a, 941, 0.8876835
requested.addr, neglogp, 2, a, 941, 0.3444892
requested.addr, mrr, 2, a, 941, 0.9628055
requested.addr, update.acc, 2, a, 941, 0.8750000
requested.addr, update.prec, 2, a, 941, 0.9333333
requested.addr, roc.v1_eer, 2, a, 941, 0.1158342
requested.addr, roc.v1_ca05, 2, a, 941, 0.8097768
requested.addr, roc.v1_ca10, 2, a, 941, 0.9256111
requested.addr, roc.v1_ca20, 2, a, 941, 0.9256111
requested.addr, roc.v2_ca05, 2, a, 941, 0.0011481
requested.addr, roc.v2_ca10, 2, a, 941, 0.0011481
requested.addr, roc.v2_ca20, 2, a, 941, 0.0011481
requested.area, acc, 2, a, 206, 0.9271845
requested.area, l2, 2, a, 206, 0.1062005
requested.area, l2.binary, 2, a, 206, 0.1062005
requested.area, avgp, 2, a, 206, 0.8935738
requested.area, neglogp, 2, a, 206, 0.1953815
requested.area, mrr, 2, a, 206, 0.9635922
requested.area, update.acc, 2, a, 206, 0.8000000
requested.area, update.prec, 2, a, 206, 0.8484848
requested.area, roc.v1_eer, 2, a, 206, 0.0679612
requested.area, roc.v1_ca05, 2, a, 206, 0.9029126
requested.area, roc.v1_ca10, 2, a, 206, 0.9271845
requested.area, roc.v1_ca20, 2, a, 206, 0.9271845
requested.area, roc.v2_ca05, 2, a, 206, 0.2984293
requested.area, roc.v2_ca10, 2, a, 206, 0.3036649
requested.area, roc.v2_ca20, 2, a, 206, 0.7277487
requested.food, acc, 2, a, 130, 0.8153846
requested.food, l2, 2, a, 130, 0.2693052
requested.food, l2.binary, 2, a, 130, 0.2693052
requested.food, avgp, 2, a, 130, 0.8143961
requested.food, neglogp, 2, a, 130, 0.4420479
requested.food, mrr, 2, a, 130, 0.9076923
requested.food, update.acc, 2, a, 130, 0.7325581
requested.food, update.prec, 2, a, 130, 0.7777778
requested.food, roc.v1_eer, 2, a, 130, 0.2000000
requested.food, roc.v1_ca05, 2, a, 130, 0.5769231
requested.food, roc.v1_ca10, 2, a, 130, 0.7692308
requested.food, roc.v1_ca20, 2, a, 130, 0.8153846
requested.food, roc.v2_ca05, 2, a, 130, 0.4622642
requested.food, roc.v2_ca10, 2, a, 130, 0.5094340
requested.food, roc.v2_ca20, 2, a, 130, 0.5849057
requested.phone, acc, 2, a, 582, 0.8951890
requested.phone, l2, 2, a, 582, 0.1659090
requested.phone, l2.binary, 2, a, 582, 0.1659090
requested.phone, avgp, 2, a, 582, 0.8312262
requested.phone, neglogp, 2, a, 582, 0.2863287
requested.phone, mrr, 2, a, 582, 0.9475945
requested.phone, update.acc, 2, a, 582, 0.8709677
requested.phone, update.prec, 2, a, 582, 0.8957346
requested.phone, roc.v1_eer, 2, a, 582, 0.1271478
requested.phone, roc.v1_ca05, 2, a, 582, 0.7783505
requested.phone, roc.v1_ca10, 2, a, 582, 0.8934708
requested.phone, roc.v1_ca20, 2, a, 582, 0.8951890
requested.phone, roc.v2_ca05, 2, a, 582, 0.5067179
requested.phone, roc.v2_ca10, 2, a, 582, 0.5335893
requested.phone, roc.v2_ca20, 2, a, 582, 0.6103647
requested.pricerange, acc, 2, a, 171, 0.7485380
requested.pricerange, l2, 2, a, 171, 0.3551980
requested.pricerange, l2.binary, 2, a, 171, 0.3551980
requested.pricerange, avgp, 2, a, 171, 0.7035176
requested.pricerange, neglogp, 2, a, 171, 0.7651313
requested.pricerange, mrr, 2, a, 171, 0.8742690
requested.pricerange, update.acc, 2, a, 171, 0.6495726
requested.pricerange, update.prec, 2, a, 171, 0.7676768
requested.pricerange, roc.v1_eer, 2, a, 171, 0.3274854
requested.pricerange, roc.v1_ca05, 2, a, 171, 0.3157895
requested.pricerange, roc.v1_ca10, 2, a, 171, 0.4502924
requested.pricerange, roc.v1_ca20, 2, a, 171, 0.7134503
requested.pricerange, roc.v2_ca05, 2, a, 171, 0.0078125
requested.pricerange, roc.v2_ca10, 2, a, 171, 0.0078125
requested.pricerange, roc.v2_ca20, 2, a, 171, 0.4218750
requested.postcode, acc, 2, a, 601, 0.9084859
requested.postcode, l2, 2, a, 601, 0.1380852
requested.postcode, l2.binary, 2, a, 601, 0.1380852
requested.postcode, avgp, 2, a, 601, 0.8691955
requested.postcode, neglogp, 2, a, 601, 0.3902756
requested.postcode, mrr, 2, a, 601, 0.9542429
requested.postcode, update.acc, 2, a, 601, 0.7833333
requested.postcode, update.prec, 2, a, 601, 0.8909953
requested.postcode, roc.v1_eer, 2, a, 601, 0.0848586
requested.postcode, roc.v1_ca05, 2, a, 601, 0.8785358
requested.postcode, roc.v1_ca10, 2, a, 601, 0.9084859
requested.postcode, roc.v1_ca20, 2, a, 601, 0.9084859
requested.postcode, roc.v2_ca05, 2, a, 601, 0.0018315
requested.postcode, roc.v2_ca10, 2, a, 601, 0.0018315
requested.postcode, roc.v2_ca20, 2, a, 601, 0.0018315
requested.signature, acc, 2, a, 142, 0.9929577
requested.signature, l2, 2, a, 142, 0.0111544
requested.signature, l2.binary, 2, a, 142, 0.0111544
requested.signature, avgp, 2, a, 142, 0.9747556
requested.signature, neglogp, 2, a, 142, 0.0322703
requested.signature, mrr, 2, a, 142, 0.9964789
requested.signature, update.acc, 2, a, 142, 0.9772727
requested.signature, update.prec, 2, a, 142, 0.9772727
requested.signature, roc.v1_eer, 2, a, 142, 0.0140845
requested.signature, roc.v1_ca05, 2, a, 142, 0.9929577
requested.signature, roc.v1_ca10, 2, a, 142, 0.9929577
requested.signature, roc.v1_ca20, 2, a, 142, 0.9929577
requested.signature, roc.v2_ca05, 2, a, 142, 0.9929078
requested.signature, roc.v2_ca10, 2, a, 142, 0.9929078
requested.signature, roc.v2_ca20, 2, a, 142, 0.9929078
requested.name, acc, 2, a, 0, -
requested.name, l2, 2, a, 0, -
requested.name, l2.binary, 2, a, 0, -
requested.name, avgp, 2, a, 0, -
requested.name, neglogp, 2, a, 0, -
requested.name, mrr, 2, a, 0, -
requested.name, update.acc, 2, a, 0, -
requested.name, update.prec, 2, a, 0, -
requested.name, roc.v1_eer, 2, a, 0, -
requested.name, roc.v1_ca05, 2, a, 0, -
requested.name, roc.v1_ca10, 2, a, 0, -
requested.name, roc.v1_ca20, 2, a, 0, -
requested.name, roc.v2_ca05, 2, a, 0, -
requested.name, roc.v2_ca10, 2, a, 0, -
requested.name, roc.v2_ca20, 2, a, 0, -
requested.all, acc, 2, a, 2773, 0.9029931
requested.all, l2, 2, a, 2773, 0.1546287
requested.all, l2.binary, 2, a, 2773, 0.1546287
requested.all, avgp, 2, a, 2773, 0.8619311
requested.all, neglogp, 2, a, 2773, 0.3456538
requested.all, mrr, 2, a, 2773, 0.9514966
requested.all, update.acc, 2, a, 2773, 0.8565861
requested.all, update.prec, 2, a, 2773, 0.8870056
requested.all, roc.v1_eer, 2, a, 2773, 0.1190047
requested.all, roc.v1_ca05, 2, a, 2773, 0.8113956
requested.all, roc.v1_ca10, 2, a, 2773, 0.9029931
requested.all, roc.v1_ca20, 2, a, 2773, 0.9029931
requested.all, roc.v2_ca05, 2, a, 2773, 0.0003994
requested.all, roc.v2_ca10, 2, a, 2773, 0.0003994
requested.all, roc.v2_ca20, 2, a, 2773, 0.4960064
method, acc, 2, a, 3866, 0.7542680
method, l2, 2, a, 3866, 0.4361666
method, l2.binary, 2, a, 3866, 0.4448843
method, avgp, 2, a, 3866, 0.7443170
method, neglogp, 2, a, 3866, 1.5124608
method, mrr, 2, a, 3866, 0.8106139
method, update.acc, 2, a, 3866, 0.6257012
method, update.prec, 2, a, 3866, 0.7905928
method, roc.v1_eer, 2, a, 3866, 0.2866011
method, roc.v1_ca05, 2, a, 3866, 0.0002587
method, roc.v1_ca10, 2, a, 3866, 0.4935334
method, roc.v1_ca20, 2, a, 3866, 0.7144335
method, roc.v2_ca05, 2, a, 3866, 0.0003429
method, roc.v2_ca10, 2, a, 3866, 0.0003429
method, roc.v2_ca20, 2, a, 3866, 0.0003429
all, acc, 2, a, 15703, 0.7981914
all, l2, 2, a, 15703, 0.3584565
all, l2.binary, 2, a, 15703, 0.3700199
all, avgp, 2, a, 15703, 0.7774959
all, neglogp, 2, a, 15703, 1.3566549
all, mrr, 2, a, 15703, 0.8397652
all, update.acc, 2, a, 15703, 0.7924400
all, update.prec, 2, a, 15703, 0.7946009
all, roc.v1_eer, 2, a, 15703, 0.2486149
all, roc.v1_ca05, 2, a, 15703, 0.0000637
all, roc.v1_ca10, 2, a, 15703, 0.5933898
all, roc.v1_ca20, 2, a, 15703, 0.7972362
all, roc.v2_ca05, 2, a, 15703, 0.0000798
all, roc.v2_ca10, 2, a, 15703, 0.0000798
all, roc.v2_ca20, 2, a, 15703, 0.0000798
goal.food, acc, 2, b, 3004, 0.5296272
goal.food, l2, 2, b, 3004, 0.8848641
goal.food, l2.binary, 2, b, 3004, 0.9126654
goal.food, avgp, 2, b, 3004, 0.5179304
goal.food, neglogp, 2, b, 3004, 3.8384265
goal.food, mrr, 2, b, 3004, 0.5897137
goal.food, update.acc, 2, b, 3004, 0.2266961
goal.food, update.prec, 2, b, 3004, 0.8763326
goal.food, roc.v1_eer, 2, b, 3004, 0.4793609
goal.food, roc.v1_ca05, 2, b, 3004, 0.0003329
goal.food, roc.v1_ca10, 2, b, 3004, 0.0003329
goal.food, roc.v1_ca20, 2, b, 3004, 0.2376831
goal.food, roc.v2_ca05, 2, b, 3004, 0.0006285
goal.food, roc.v2_ca10, 2, b, 3004, 0.0006285
goal.food, roc.v2_ca20, 2, b, 3004, 0.0006285
goal.pricerange, acc, 2, b, 2507, 0.8041484
goal.pricerange, l2, 2, b, 2507, 0.3471915
goal.pricerange, l2.binary, 2, b, 2507, 0.3525230
goal.pricerange, avgp, 2, b, 2507, 0.7951728
goal.pricerange, neglogp, 2, b, 2507, 1.1995548
goal.pricerange, mrr, 2, b, 2507, 0.8793379
goal.pricerange, update.acc, 2, b, 2507, 0.4000000
goal.pricerange, update.prec, 2, b, 2507, 0.9669670
goal.pricerange, roc.v1_eer, 2, b, 2507, 0.2445154
goal.pricerange, roc.v1_ca05, 2, b, 2507, 0.0003989
goal.pricerange, roc.v1_ca10, 2, b, 2507, 0.6410052
goal.pricerange, roc.v1_ca20, 2, b, 2507, 0.8041484
goal.pricerange, roc.v2_ca05, 2, b, 2507, 0.0004960
goal.pricerange, roc.v2_ca10, 2, b, 2507, 0.0004960
goal.pricerange, roc.v2_ca20, 2, b, 2507, 0.0004960
goal.name, acc, 2, b, 214, 0.8224299
goal.name, l2, 2, b, 214, 0.3442013
goal.name, l2.binary, 2, b, 214, 0.3456591
goal.name, avgp, 2, b, 214, 0.8035750
goal.name, neglogp, 2, b, 214, 1.1817500
goal.name, mrr, 2, b, 214, 0.8901869
goal.name, update.acc, 2, b, 214, 0.0000000
goal.name, update.prec, 2, b, 214, 0.0000000
goal.name, roc.v1_eer, 2, b, 214, 0.3037383
goal.name, roc.v1_ca05, 2, b, 214, 0.0000000
goal.name, roc.v1_ca10, 2, b, 214, 0.6121495
goal.name, roc.v1_ca20, 2, b, 214, 0.8224299
goal.name, roc.v2_ca05, 2, b, 214, 0.0000000
goal.name, roc.v2_ca10, 2, b, 214, 0.0000000
goal.name, roc.v2_ca20, 2, b, 214, 0.0000000
goal.area, acc, 2, b, 3339, 0.7726864
goal.area, l2, 2, b, 3339, 0.4004228
goal.area, l2.binary, 2, b, 3339, 0.4233994
goal.area, avgp, 2, b, 3339, 0.7509258
goal.area, neglogp, 2, b, 3339, 1.5665274
goal.area, mrr, 2, b, 3339, 0.8348308
goal.area, update.acc, 2, b, 3339, 0.3267327
goal.area, update.prec, 2, b, 3339, 0.9355670
goal.area, roc.v1_eer, 2, b, 3339, 0.2321054
goal.area, roc.v1_ca05, 2, b, 3339, 0.3204552
goal.area, roc.v1_ca10, 2, b, 3339, 0.6247379
goal.area, roc.v1_ca20, 2, b, 3339, 0.7580114
goal.area, roc.v2_ca05, 2, b, 3339, 0.0000000
goal.area, roc.v2_ca10, 2, b, 3339, 0.0000000
goal.area, roc.v2_ca20, 2, b, 3339, 0.0000000
goal.all, acc, 2, b, 9064, 0.7020079
goal.all, l2, 2, b, 9064, 0.5449263
goal.all, l2.binary, 2, b, 9064, 0.5641134
goal.all, avgp, 2, b, 9064, 0.6871875
goal.all, neglogp, 2, b, 9064, 2.2088975
goal.all, mrr, 2, b, 9064, 0.7672109
goal.all, update.acc, 2, b, 9064, 0.6970236
goal.all, update.prec, 2, b, 9064, 0.7159562
goal.all, roc.v1_eer, 2, b, 9064, 0.3307590
goal.all, roc.v1_ca05, 2, b, 9064, 0.0001103
goal.all, roc.v1_ca10, 2, b, 9064, 0.3154237
goal.all, roc.v1_ca20, 2, b, 9064, 0.5928950
goal.all, roc.v2_ca05, 2, b, 9064, 0.0001572
goal.all, roc.v2_ca10, 2, b, 9064, 0.0001572
goal.all, roc.v2_ca20, 2, b, 9064, 0.0001572
goal.joint, acc, 2, b, 3836, 0.3412409
goal.joint, l2, 2, b, 3836, 1.2703985
goal.joint, l2.binary, 2, b, 3836, 1.3187352
goal.joint, avgp, 2, b, 3836, 0.3297688
goal.joint, neglogp, 2, b, 3836, 6.0211780
goal.joint, mrr, 2, b, 3836, 0.3476277
goal.joint, update.acc, 2, b, 3836, 0.1309893
goal.joint, update.prec, 2, b, 3836, 0.3703704
goal.joint, roc.v1_eer, 2, b, 3836, 0.4796663
goal.joint, roc.v1_ca05, 2, b, 3836, 0.0000000
goal.joint, roc.v1_ca10, 2, b, 3836, 0.0000000
goal.joint, roc.v1_ca20, 2, b, 3836, 0.0000000
goal.joint, roc.v2_ca05, 2, b, 3836, 0.0000000
goal.joint, roc.v2_ca10, 2, b, 3836, 0.0000000
goal.joint, roc.v2_ca20, 2, b, 3836, 0.0000000
goal.joint_independent, acc, 2, b, 3836, 0.3412409
goal.joint_independent, l2, 2, b, 3836, 1.1723352
goal.joint_independent, l2.binary, 2, b, 3836, 1.2916092
goal.joint_independent, avgp, 2, b, 3836, 0.3241609
goal.joint_independent, neglogp, 2, b, 3836, 5.5719250
goal.joint_independent, mrr, 2, b, 3836, 0.3925150
goal.joint_independent, update.acc, 2, b, 3836, 0.1309893
goal.joint_independent, update.prec, 2, b, 3836, 0.3703704
goal.joint_independent, roc.v1_eer, 2, b, 3836, 0.3894682
goal.joint_independent, roc.v1_ca05, 2, b, 3836, 0.0000000
goal.joint_independent, roc.v1_ca10, 2, b, 3836, 0.0711679
goal.joint_independent, roc.v1_ca20, 2, b, 3836, 0.1491137
goal.joint_independent, roc.v2_ca05, 2, b, 3836, 0.0000000
goal.joint_independent, roc.v2_ca10, 2, b, 3836, 0.0000000
goal.joint_independent, roc.v2_ca20, 2, b, 3836, 0.3109244
method, acc, 2, b, 3866, 0.5778583
method, l2, 2, b, 3866, 0.7872481
method, l2.binary, 2, b, 3866, 0.8073843
method, avgp, 2, b, 3866, 0.5687762
method, neglogp, 2, b, 3866, 3.3775734
method, mrr, 2, b, 3866, 0.6148043
method, update.acc, 2, b, 3866, 0.4527051
method, update.prec, 2, b, 3866, 0.8356959
method, roc.v1_eer, 2, b, 3866, 0.4148991
method, roc.v1_ca05, 2, b, 3866, 0.0002587
method, roc.v1_ca10, 2, b, 3866, 0.0002587
method, roc.v1_ca20, 2, b, 3866, 0.3585101
method, roc.v2_ca05, 2, b, 3866, 0.0004476
method, roc.v2_ca10, 2, b, 3866, 0.0004476
method, roc.v2_ca20, 2, b, 3866, 0.0004476
all, acc, 2, b, 15703, 0.7069350
all, l2, 2, b, 15703, 0.5356619
all, l2.binary, 2, b, 15703, 0.5516944
all, avgp, 2, b, 15703, 0.6888933
all, neglogp, 2, b, 15703, 2.1675886
all, mrr, 2, b, 15703, 0.7622323
all, update.acc, 2, b, 15703, 0.6986339
all, update.prec, 2, b, 15703, 0.7007294
all, roc.v1_eer, 2, b, 15703, 0.3498695
all, roc.v1_ca05, 2, b, 15703, 0.0000637
all, roc.v1_ca10, 2, b, 15703, 0.0000637
all, roc.v1_ca20, 2, b, 15703, 0.5810992
all, roc.v2_ca05, 2, b, 15703, 0.0000901
all, roc.v2_ca10, 2, b, 15703, 0.0000901
all, roc.v2_ca20, 2, b, 15703, 0.0000901
basic,total_wall_time,,,,1.89875292778
basic,sessions,,,,506
basic,turns,,,,3934
basic,wall_time_per_turn,,,,0.000482651989776
basic,dataset,,,,dstc2_dev
